strategy,symbol,tier,trades,wins,win_rate,profit_factor,total_return_pct,max_dd_pct,avg_hold_days
RSI-2,SPY,tier1,14,13,92.86,3.788,2.79,1.0,1.3
BB-MR,SPY,tier1,6,4,66.67,1.572,0.76,1.0,3.5
IBS,SPY,tier1,18,11,61.11,3.462,3.41,0.72,1.8
ConnorsRSI,SPY,tier1,3,3,100.0,99.0,1.11,0.0,1.7
Williams%R,SPY,tier1,6,4,66.67,2.745,2.52,1.0,3.8
Stoch,SPY,tier1,3,1,33.33,2.43,0.63,0.41,4.3
MFI,SPY,tier1,0,0,0.0,0.0,0.0,0.0,0.0
MACD-Hist,SPY,tier1,13,4,30.77,0.225,-3.25,3.41,4.7
Donchian-BO,SPY,tier1,6,4,66.67,1.372,0.76,1.99,22.5
EMA-10/30,SPY,tier1,3,3,100.0,99.0,1.34,0.0,13.3
Keltner,SPY,tier1,3,1,33.33,0.331,-0.71,1.0,5.7
ADX-Pullback,SPY,tier1,0,0,0.0,0.0,0.0,0.0,0.0
RSI-2,QQQ,tier1,11,9,81.82,12.246,2.36,0.21,1.8
BB-MR,QQQ,tier1,5,3,60.0,0.965,-0.07,1.0,5.0
IBS,QQQ,tier1,15,9,60.0,0.805,-0.86,2.21,2.1
ConnorsRSI,QQQ,tier1,0,0,0.0,0.0,0.0,0.0,0.0
Williams%R,QQQ,tier1,7,5,71.43,1.953,1.93,1.0,4.3
Stoch,QQQ,tier1,4,1,25.0,0.385,-1.41,1.99,3.0
MFI,QQQ,tier1,0,0,0.0,0.0,0.0,0.0,0.0
MACD-Hist,QQQ,tier1,9,2,22.22,0.252,-3.43,3.62,5.9
Donchian-BO,QQQ,tier1,7,3,42.86,1.211,0.69,2.2,19.6
EMA-10/30,QQQ,tier1,2,0,0.0,0.0,-0.39,0.39,16.0
Keltner,QQQ,tier1,3,2,66.67,0.616,-0.38,1.0,5.3
ADX-Pullback,QQQ,tier1,0,0,0.0,0.0,0.0,0.0,0.0
RSI-2,NVDA,tier1,9,9,100.0,99.0,4.21,0.0,1.8
BB-MR,NVDA,tier1,4,4,100.0,99.0,2.99,0.0,2.5
IBS,NVDA,tier1,17,8,47.06,0.565,-2.01,3.14,2.1
ConnorsRSI,NVDA,tier1,3,3,100.0,99.0,1.76,0.0,3.3
Williams%R,NVDA,tier1,5,4,80.0,4.093,3.09,1.0,3.6
Stoch,NVDA,tier1,1,1,100.0,99.0,0.12,0.0,5.0
MFI,NVDA,tier1,1,1,100.0,99.0,0.12,0.0,5.0
MACD-Hist,NVDA,tier1,8,3,37.5,0.597,-1.59,3.02,6.0
Donchian-BO,NVDA,tier1,5,4,80.0,4.749,3.94,1.0,24.2
EMA-10/30,NVDA,tier1,4,1,25.0,0.391,-1.63,2.65,12.8
Keltner,NVDA,tier1,2,2,100.0,99.0,1.89,0.0,1.5
ADX-Pullback,NVDA,tier1,0,0,0.0,0.0,0.0,0.0,0.0
RSI-2,XLK,tier1,5,5,100.0,99.0,1.8,0.0,1.6
BB-MR,XLK,tier1,1,1,100.0,99.0,0.85,0.0,8.0
IBS,XLK,tier1,9,5,55.56,0.753,-0.55,1.59,1.8
ConnorsRSI,XLK,tier1,1,1,100.0,99.0,0.91,0.0,4.0
Williams%R,XLK,tier1,1,1,100.0,99.0,0.39,0.0,5.0
Stoch,XLK,tier1,1,1,100.0,99.0,1.02,0.0,5.0
MFI,XLK,tier1,1,1,100.0,99.0,0.39,0.0,5.0
MACD-Hist,XLK,tier1,6,2,33.33,1.011,0.02,1.26,4.8
Donchian-BO,XLK,tier1,6,3,50.0,1.316,0.97,1.99,18.2
EMA-10/30,XLK,tier1,1,1,100.0,99.0,0.03,0.0,0.0
Keltner,XLK,tier1,1,1,100.0,99.0,0.59,0.0,6.0
ADX-Pullback,XLK,tier1,0,0,0.0,0.0,0.0,0.0,0.0
RSI-2,XLY,tier1,10,7,70.0,2.251,1.46,1.06,1.1
BB-MR,XLY,tier1,3,0,0.0,0.0,-2.97,2.97,3.0
IBS,XLY,tier1,14,8,57.14,0.912,-0.28,1.36,1.6
ConnorsRSI,XLY,tier1,3,2,66.67,15.708,1.3,0.09,1.3
Williams%R,XLY,tier1,3,0,0.0,0.0,-2.97,2.97,3.7
Stoch,XLY,tier1,4,2,50.0,1.078,0.15,1.99,3.8
MFI,XLY,tier1,1,0,0.0,0.0,-1.0,1.0,5.0
MACD-Hist,XLY,tier1,8,3,37.5,0.396,-1.94,1.94,6.6
Donchian-BO,XLY,tier1,4,3,75.0,3.979,1.93,0.63,30.0
EMA-10/30,XLY,tier1,2,0,0.0,0.0,-1.72,1.72,8.5
Keltner,XLY,tier1,5,3,60.0,1.292,0.58,1.99,3.4
ADX-Pullback,XLY,tier1,0,0,0.0,0.0,0.0,0.0,0.0
RSI-2,XLI,tier1,13,11,84.62,3.354,2.64,0.72,1.3
BB-MR,XLI,tier1,3,2,66.67,1.291,0.3,1.0,5.3
IBS,XLI,tier1,27,22,81.48,2.323,5.22,2.29,1.6
ConnorsRSI,XLI,tier1,1,0,0.0,0.0,-0.72,0.72,5.0
Williams%R,XLI,tier1,4,3,75.0,2.466,1.06,0.72,5.0
Stoch,XLI,tier1,4,2,50.0,1.406,0.48,1.0,4.2
MFI,XLI,tier1,0,0,0.0,0.0,0.0,0.0,0.0
MACD-Hist,XLI,tier1,12,5,41.67,1.121,0.64,3.75,7.2
Donchian-BO,XLI,tier1,4,3,75.0,8.645,2.94,0.37,30.0
EMA-10/30,XLI,tier1,3,2,66.67,7.036,2.08,0.34,19.3
Keltner,XLI,tier1,3,1,33.33,0.233,-1.53,1.99,3.3
ADX-Pullback,XLI,tier1,0,0,0.0,0.0,0.0,0.0,0.0
RSI-2,GOOGL,tier2,10,7,70.0,1.641,1.34,1.4,1.2
BB-MR,GOOGL,tier2,4,2,50.0,1.194,0.39,1.99,2.5
IBS,GOOGL,tier2,15,10,66.67,1.498,1.56,1.72,1.7
ConnorsRSI,GOOGL,tier2,4,3,75.0,1.133,0.13,1.0,1.5
Williams%R,GOOGL,tier2,5,4,80.0,3.556,2.6,1.0,3.6
Stoch,GOOGL,tier2,3,3,100.0,99.0,3.08,0.0,5.0
MFI,GOOGL,tier2,0,0,0.0,0.0,0.0,0.0,0.0
MACD-Hist,GOOGL,tier2,11,8,72.73,7.08,10.07,1.41,7.7
Donchian-BO,GOOGL,tier2,5,3,60.0,3.482,5.12,1.0,22.6
EMA-10/30,GOOGL,tier2,0,0,0.0,0.0,0.0,0.0,0.0
Keltner,GOOGL,tier2,4,2,50.0,0.651,-0.7,1.94,4.5
ADX-Pullback,GOOGL,tier2,0,0,0.0,0.0,0.0,0.0,0.0
RSI-2,XLF,tier2,11,11,100.0,99.0,4.8,0.0,1.5
BB-MR,XLF,tier2,7,6,85.71,3.857,2.86,1.0,6.4
IBS,XLF,tier2,29,22,75.86,1.954,4.53,1.67,1.6
ConnorsRSI,XLF,tier2,5,4,80.0,7.406,1.11,0.17,3.4
Williams%R,XLF,tier2,9,5,55.56,1.054,0.17,1.23,3.9
Stoch,XLF,tier2,3,3,100.0,99.0,1.85,0.0,5.0
MFI,XLF,tier2,0,0,0.0,0.0,0.0,0.0,0.0
MACD-Hist,XLF,tier2,10,3,30.0,0.548,-2.03,2.06,5.4
Donchian-BO,XLF,tier2,4,2,50.0,0.361,-0.71,1.0,29.2
EMA-10/30,XLF,tier2,4,3,75.0,3.85,1.95,0.68,15.2
Keltner,XLF,tier2,4,4,100.0,99.0,2.23,0.0,7.2
ADX-Pullback,XLF,tier2,0,0,0.0,0.0,0.0,0.0,0.0
RSI-2,META,tier2,6,5,83.33,1.607,0.62,1.0,1.8
BB-MR,META,tier2,2,1,50.0,1.956,0.31,0.32,10.0
IBS,META,tier2,19,9,47.37,1.118,0.41,2.4,2.4
ConnorsRSI,META,tier2,3,2,66.67,0.817,-0.18,1.0,3.3
Williams%R,META,tier2,5,3,60.0,0.873,-0.18,1.0,4.8
Stoch,META,tier2,6,1,16.67,0.089,-3.69,3.94,3.5
MFI,META,tier2,2,0,0.0,0.0,-0.33,0.33,5.0
MACD-Hist,META,tier2,6,2,33.33,0.287,-2.25,2.25,5.8
Donchian-BO,META,tier2,8,2,25.0,0.423,-3.1,5.25,18.2
EMA-10/30,META,tier2,4,1,25.0,0.475,-1.58,2.97,11.2
Keltner,META,tier2,5,1,20.0,0.268,-2.41,2.41,4.8
ADX-Pullback,META,tier2,0,0,0.0,0.0,0.0,0.0,0.0
RSI-2,TSLA,tier2,10,7,70.0,1.086,0.17,1.7,1.5
BB-MR,TSLA,tier2,4,2,50.0,0.685,-0.63,1.0,6.0
IBS,TSLA,tier2,24,12,50.0,0.699,-1.72,3.79,1.9
ConnorsRSI,TSLA,tier2,3,2,66.67,0.606,-0.28,0.71,1.7
Williams%R,TSLA,tier2,6,4,66.67,0.632,-0.63,1.0,4.8
Stoch,TSLA,tier2,3,2,66.67,0.341,-0.66,1.0,4.3
MFI,TSLA,tier2,0,0,0.0,0.0,0.0,0.0,0.0
MACD-Hist,TSLA,tier2,11,2,18.18,1.016,0.07,2.72,4.4
Donchian-BO,TSLA,tier2,5,2,40.0,0.846,-0.47,2.97,18.2
EMA-10/30,TSLA,tier2,3,2,66.67,0.536,-0.35,0.76,16.0
Keltner,TSLA,tier2,3,2,66.67,1.601,0.6,1.0,5.7
ADX-Pullback,TSLA,tier2,0,0,0.0,0.0,0.0,0.0,0.0
RSI-2,XLC,tier2,17,10,58.82,0.677,-1.44,2.57,1.9
BB-MR,XLC,tier2,5,2,40.0,0.707,-0.88,1.31,4.6
IBS,XLC,tier2,27,18,66.67,1.244,1.33,1.54,1.7
ConnorsRSI,XLC,tier2,4,2,50.0,0.351,-1.3,1.3,2.8
Williams%R,XLC,tier2,10,6,60.0,1.147,0.54,2.18,4.4
Stoch,XLC,tier2,8,4,50.0,1.749,1.99,2.06,4.2
MFI,XLC,tier2,1,1,100.0,99.0,0.38,0.0,5.0
MACD-Hist,XLC,tier2,9,4,44.44,0.879,-0.45,1.56,6.4
Donchian-BO,XLC,tier2,5,3,60.0,2.212,1.68,1.34,24.8
EMA-10/30,XLC,tier2,5,2,40.0,0.614,-0.86,1.71,12.8
Keltner,XLC,tier2,6,4,66.67,1.636,1.28,1.0,5.8
ADX-Pullback,XLC,tier2,0,0,0.0,0.0,0.0,0.0,0.0
RSI-2,DIA,tier2,11,10,90.91,2.77,1.78,1.0,0.5
BB-MR,DIA,tier2,6,4,66.67,1.593,1.2,1.0,6.3
IBS,DIA,tier2,25,19,76.0,3.601,7.0,1.53,1.4
ConnorsRSI,DIA,tier2,3,3,100.0,99.0,1.35,0.0,1.7
Williams%R,DIA,tier2,6,2,33.33,0.56,-1.42,1.99,4.2
Stoch,DIA,tier2,3,1,33.33,0.474,-1.05,1.05,3.3
MFI,DIA,tier2,0,0,0.0,0.0,0.0,0.0,0.0
MACD-Hist,DIA,tier2,11,4,36.36,0.777,-0.79,1.76,6.5
Donchian-BO,DIA,tier2,6,4,66.67,0.823,-0.36,1.9,25.2
EMA-10/30,DIA,tier2,1,1,100.0,99.0,0.64,0.0,20.0
Keltner,DIA,tier2,4,1,25.0,0.261,-2.21,2.21,4.5
ADX-Pullback,DIA,tier2,0,0,0.0,0.0,0.0,0.0,0.0
RSI-2,BTC/USD,tier2,14,8,57.14,0.847,-0.32,1.49,1.6
BB-MR,BTC/USD,tier2,7,4,57.14,2.74,2.25,1.23,5.0
IBS,BTC/USD,tier2,25,14,56.0,0.615,-2.34,3.8,2.0
ConnorsRSI,BTC/USD,tier2,2,0,0.0,0.0,-1.54,1.54,2.0
Williams%R,BTC/USD,tier2,6,4,66.67,1.719,1.26,1.15,4.3
Stoch,BTC/USD,tier2,7,6,85.71,2.854,2.16,1.15,3.9
MFI,BTC/USD,tier2,6,3,50.0,1.184,0.28,1.5,4.7
MACD-Hist,BTC/USD,tier2,15,5,33.33,0.164,-6.36,6.36,4.5
Donchian-BO,BTC/USD,tier2,9,2,22.22,0.274,-4.72,4.72,17.2
EMA-10/30,BTC/USD,tier2,5,1,20.0,0.309,-2.81,2.81,12.4
Keltner,BTC/USD,tier2,5,2,40.0,0.555,-1.21,1.61,3.6
ADX-Pullback,BTC/USD,tier2,0,0,0.0,0.0,0.0,0.0,0.0
RSI-2,V,tier3,10,7,70.0,1.13,0.39,1.36,2.1
BB-MR,V,tier3,5,3,60.0,1.645,1.32,1.0,6.4
IBS,V,tier3,19,13,68.42,1.488,1.69,2.29,1.9
ConnorsRSI,V,tier3,4,3,75.0,2.872,1.91,1.0,1.5
Williams%R,V,tier3,4,3,75.0,2.609,1.65,1.0,4.8
Stoch,V,tier3,2,2,100.0,99.0,1.34,0.0,5.0
MFI,V,tier3,0,0,0.0,0.0,0.0,0.0,0.0
MACD-Hist,V,tier3,11,2,18.18,0.164,-4.99,4.99,4.8
Donchian-BO,V,tier3,3,1,33.33,0.189,-1.62,1.62,17.7
EMA-10/30,V,tier3,8,1,12.5,0.174,-3.71,3.71,8.1
Keltner,V,tier3,5,3,60.0,1.701,1.44,1.0,4.6
ADX-Pullback,V,tier3,0,0,0.0,0.0,0.0,0.0,0.0
RSI-2,XLE,tier3,3,2,66.67,1.489,0.19,0.38,2.0
BB-MR,XLE,tier3,0,0,0.0,0.0,0.0,0.0,0.0
IBS,XLE,tier3,7,4,57.14,1.078,0.07,0.55,2.4
ConnorsRSI,XLE,tier3,0,0,0.0,0.0,0.0,0.0,0.0
Williams%R,XLE,tier3,0,0,0.0,0.0,0.0,0.0,0.0
Stoch,XLE,tier3,0,0,0.0,0.0,0.0,0.0,0.0
MFI,XLE,tier3,0,0,0.0,0.0,0.0,0.0,0.0
MACD-Hist,XLE,tier3,6,1,16.67,0.015,-3.61,3.61,4.2
Donchian-BO,XLE,tier3,5,2,40.0,0.729,-0.81,1.99,25.6
EMA-10/30,XLE,tier3,3,1,33.33,0.183,-1.63,1.63,16.0
Keltner,XLE,tier3,0,0,0.0,0.0,0.0,0.0,0.0
ADX-Pullback,XLE,tier3,0,0,0.0,0.0,0.0,0.0,0.0
RSI-2,XLV,tier3,8,6,75.0,2.118,1.22,1.07,2.2
BB-MR,XLV,tier3,1,0,0.0,0.0,-1.0,1.0,8.0
IBS,XLV,tier3,17,13,76.47,2.762,4.11,1.24,2.2
ConnorsRSI,XLV,tier3,1,0,0.0,0.0,-1.0,1.0,4.0
Williams%R,XLV,tier3,4,2,50.0,0.908,-0.15,1.59,4.8
Stoch,XLV,tier3,2,1,50.0,0.798,-0.12,0.6,5.0
MFI,XLV,tier3,0,0,0.0,0.0,0.0,0.0,0.0
MACD-Hist,XLV,tier3,7,3,42.86,1.543,0.9,0.96,7.7
Donchian-BO,XLV,tier3,6,2,33.33,1.174,0.46,1.32,21.5
EMA-10/30,XLV,tier3,4,2,50.0,0.896,-0.15,1.0,16.0
Keltner,XLV,tier3,2,0,0.0,0.0,-1.04,1.04,8.5
ADX-Pullback,XLV,tier3,0,0,0.0,0.0,0.0,0.0,0.0
RSI-2,IWM,tier3,13,13,100.0,99.0,4.55,0.0,0.9
BB-MR,IWM,tier3,3,2,66.67,2.281,1.08,0.83,5.7
IBS,IWM,tier3,22,14,63.64,1.946,3.96,1.57,1.9
ConnorsRSI,IWM,tier3,0,0,0.0,0.0,0.0,0.0,0.0
Williams%R,IWM,tier3,7,7,100.0,99.0,3.4,0.0,4.0
Stoch,IWM,tier3,2,2,100.0,99.0,1.8,0.0,5.0
MFI,IWM,tier3,1,1,100.0,99.0,0.39,0.0,5.0
MACD-Hist,IWM,tier3,8,4,50.0,3.146,4.36,1.51,5.6
Donchian-BO,IWM,tier3,6,4,66.67,1.672,1.38,1.02,23.7
EMA-10/30,IWM,tier3,1,1,100.0,99.0,0.2,0.0,20.0
Keltner,IWM,tier3,2,1,50.0,0.384,-0.62,1.0,6.5
ADX-Pullback,IWM,tier3,0,0,0.0,0.0,0.0,0.0,0.0
RSI-2,NFLX,tier3,10,9,90.0,15.025,5.16,0.35,1.5
BB-MR,NFLX,tier3,5,3,60.0,3.567,2.58,0.55,6.8
IBS,NFLX,tier3,17,10,58.82,1.345,1.26,2.28,1.8
ConnorsRSI,NFLX,tier3,2,2,100.0,99.0,0.95,0.0,1.5
Williams%R,NFLX,tier3,7,4,57.14,1.564,1.16,1.0,4.9
Stoch,NFLX,tier3,4,3,75.0,18.833,3.08,0.17,4.8
MFI,NFLX,tier3,1,1,100.0,99.0,1.09,0.0,5.0
MACD-Hist,NFLX,tier3,6,4,66.67,1.92,1.22,1.0,7.5
Donchian-BO,NFLX,tier3,5,2,40.0,0.785,-0.65,2.1,16.6
EMA-10/30,NFLX,tier3,5,1,20.0,0.666,-0.95,1.84,9.0
Keltner,NFLX,tier3,5,4,80.0,7.698,2.96,0.43,6.2
ADX-Pullback,NFLX,tier3,0,0,0.0,0.0,0.0,0.0,0.0
RSI-2,SHOP,tier3,13,10,76.92,3.029,2.64,1.2,1.8
BB-MR,SHOP,tier3,4,1,25.0,0.335,-1.99,1.99,5.8
IBS,SHOP,tier3,23,15,65.22,1.427,2.26,2.53,1.9
ConnorsRSI,SHOP,tier3,5,4,80.0,33.31,1.56,0.05,2.0
Williams%R,SHOP,tier3,6,3,50.0,1.95,1.94,1.0,4.8
Stoch,SHOP,tier3,5,2,40.0,0.979,-0.05,1.0,4.6
MFI,SHOP,tier3,3,3,100.0,99.0,1.53,0.0,5.0
MACD-Hist,SHOP,tier3,10,3,30.0,0.134,-4.25,4.52,6.0
Donchian-BO,SHOP,tier3,5,3,60.0,1.71,1.46,1.99,25.2
EMA-10/30,SHOP,tier3,1,1,100.0,99.0,0.36,0.0,20.0
Keltner,SHOP,tier3,5,1,20.0,0.291,-2.8,2.97,4.6
ADX-Pullback,SHOP,tier3,0,0,0.0,0.0,0.0,0.0,0.0
RSI-2,AMGN,tier3,8,7,87.5,6.395,1.77,0.32,2.1
BB-MR,AMGN,tier3,2,1,50.0,1.663,0.24,0.36,9.5
IBS,AMGN,tier3,19,14,73.68,1.781,2.45,1.27,2.2
ConnorsRSI,AMGN,tier3,1,1,100.0,99.0,0.22,0.0,4.0
Williams%R,AMGN,tier3,5,2,40.0,0.572,-0.99,1.0,3.2
Stoch,AMGN,tier3,4,2,50.0,2.433,1.66,1.0,4.8
MFI,AMGN,tier3,1,0,0.0,0.0,-0.16,0.16,5.0
MACD-Hist,AMGN,tier3,7,2,28.57,0.837,-0.51,1.37,6.0
Donchian-BO,AMGN,tier3,6,2,33.33,0.929,-0.28,2.97,18.3
EMA-10/30,AMGN,tier3,2,1,50.0,6.625,0.03,0.01,20.0
Keltner,AMGN,tier3,3,2,66.67,4.286,0.98,0.3,5.0
ADX-Pullback,AMGN,tier3,1,1,100.0,99.0,1.09,0.0,10.0
RSI-2,SPOT,tier3,10,8,80.0,3.371,2.73,1.0,1.7
BB-MR,SPOT,tier3,4,1,25.0,0.499,-1.1,1.19,5.8
IBS,SPOT,tier3,20,16,80.0,2.697,3.73,1.0,1.8
ConnorsRSI,SPOT,tier3,2,2,100.0,99.0,1.18,0.0,1.5
Williams%R,SPOT,tier3,7,4,57.14,1.297,0.62,1.0,4.3
Stoch,SPOT,tier3,5,2,40.0,0.648,-0.65,1.37,4.8
MFI,SPOT,tier3,0,0,0.0,0.0,0.0,0.0,0.0
MACD-Hist,SPOT,tier3,8,4,50.0,0.321,-1.33,1.45,6.5
Donchian-BO,SPOT,tier3,4,2,50.0,0.557,-0.63,1.42,27.5
EMA-10/30,SPOT,tier3,4,1,25.0,0.153,-2.13,2.13,11.2
Keltner,SPOT,tier3,4,3,75.0,3.086,2.09,1.0,2.8
ADX-Pullback,SPOT,tier3,1,0,0.0,0.0,-0.16,0.16,0.0
RSI-2,CSCO,tier3,11,8,72.73,1.913,1.98,1.16,1.6
BB-MR,CSCO,tier3,3,1,33.33,0.692,-0.61,1.99,4.3
IBS,CSCO,tier3,25,20,80.0,2.425,5.16,1.09,1.9
ConnorsRSI,CSCO,tier3,5,3,60.0,0.655,-0.69,1.65,2.6
Williams%R,CSCO,tier3,8,6,75.0,1.841,1.69,1.0,4.4
Stoch,CSCO,tier3,3,2,66.67,8.428,0.9,0.12,5.0
MFI,CSCO,tier3,2,1,50.0,13.392,1.49,0.12,5.0
MACD-Hist,CSCO,tier3,13,4,30.77,1.458,2.1,2.24,5.8
Donchian-BO,CSCO,tier3,5,3,60.0,2.166,2.4,1.0,20.8
EMA-10/30,CSCO,tier3,6,3,50.0,2.952,3.89,1.59,13.0
Keltner,CSCO,tier3,5,3,60.0,1.207,0.26,1.27,7.2
ADX-Pullback,CSCO,tier3,0,0,0.0,0.0,0.0,0.0,0.0
RSI-2,ABBV,tier3,11,8,72.73,2.59,2.66,1.0,1.3
BB-MR,ABBV,tier3,5,3,60.0,1.766,1.55,1.0,4.2
IBS,ABBV,tier3,20,11,55.0,1.091,0.39,1.42,2.0
ConnorsRSI,ABBV,tier3,2,2,100.0,99.0,0.59,0.0,1.5
Williams%R,ABBV,tier3,4,3,75.0,1.823,0.84,1.0,4.2
Stoch,ABBV,tier3,4,2,50.0,1.651,0.83,1.0,5.0
MFI,ABBV,tier3,0,0,0.0,0.0,0.0,0.0,0.0
MACD-Hist,ABBV,tier3,9,1,11.11,0.245,-3.7,4.63,6.6
Donchian-BO,ABBV,tier3,6,2,33.33,0.624,-1.2,2.18,22.3
EMA-10/30,ABBV,tier3,7,1,14.29,0.088,-3.92,3.92,10.3
Keltner,ABBV,tier3,5,5,100.0,99.0,4.88,0.0,2.8
ADX-Pullback,ABBV,tier3,0,0,0.0,0.0,0.0,0.0,0.0
RSI-2,ABT,tier3,8,6,75.0,1.675,1.09,1.0,1.4
BB-MR,ABT,tier3,2,1,50.0,0.97,-0.03,1.0,5.5
IBS,ABT,tier3,16,11,68.75,2.606,2.64,1.0,2.3
ConnorsRSI,ABT,tier3,3,3,100.0,99.0,1.39,0.0,2.0
Williams%R,ABT,tier3,4,2,50.0,1.348,0.56,1.0,4.0
Stoch,ABT,tier3,3,1,33.33,0.625,-0.53,1.0,3.0
MFI,ABT,tier3,1,1,100.0,99.0,0.04,0.0,5.0
MACD-Hist,ABT,tier3,9,2,22.22,0.148,-3.48,3.48,4.1
Donchian-BO,ABT,tier3,5,1,20.0,0.056,-3.72,3.72,15.0
EMA-10/30,ABT,tier3,3,1,33.33,0.068,-1.23,1.23,13.7
Keltner,ABT,tier3,2,2,100.0,99.0,1.17,0.0,7.0
ADX-Pullback,ABT,tier3,0,0,0.0,0.0,0.0,0.0,0.0
RSI-2,LIN,tier3,9,9,100.0,99.0,3.26,0.0,2.0
BB-MR,LIN,tier3,2,1,50.0,0.479,-0.52,1.0,10.0
IBS,LIN,tier3,16,12,75.0,1.693,1.82,1.16,1.6
ConnorsRSI,LIN,tier3,2,2,100.0,99.0,1.04,0.0,1.5
Williams%R,LIN,tier3,2,2,100.0,99.0,0.84,0.0,5.0
Stoch,LIN,tier3,2,2,100.0,99.0,1.64,0.0,5.0
MFI,LIN,tier3,1,1,100.0,99.0,1.12,0.0,5.0
MACD-Hist,LIN,tier3,10,2,20.0,0.515,-2.29,2.29,3.7
Donchian-BO,LIN,tier3,5,3,60.0,2.135,1.4,1.0,24.4
EMA-10/30,LIN,tier3,4,2,50.0,0.345,-0.93,1.0,12.5
Keltner,LIN,tier3,1,1,100.0,99.0,0.53,0.0,0.0
ADX-Pullback,LIN,tier3,0,0,0.0,0.0,0.0,0.0,0.0
RSI-2,ORCL,tier3,6,5,83.33,0.685,-0.32,1.0,2.2
BB-MR,ORCL,tier3,3,0,0.0,0.0,-2.54,2.54,7.3
IBS,ORCL,tier3,16,9,56.25,1.422,1.03,1.28,2.1
ConnorsRSI,ORCL,tier3,2,1,50.0,0.624,-0.38,1.0,4.0
Williams%R,ORCL,tier3,7,4,57.14,0.58,-1.1,1.61,4.9
Stoch,ORCL,tier3,6,2,33.33,1.698,2.78,2.82,4.0
MFI,ORCL,tier3,1,0,0.0,0.0,-0.52,0.52,5.0
MACD-Hist,ORCL,tier3,2,0,0.0,0.0,-1.43,1.43,0.5
Donchian-BO,ORCL,tier3,4,2,50.0,2.092,2.27,1.99,18.8
EMA-10/30,ORCL,tier3,1,0,0.0,0.0,-1.0,1.0,1.0
Keltner,ORCL,tier3,4,1,25.0,0.358,-1.93,2.97,4.2
ADX-Pullback,ORCL,tier3,0,0,0.0,0.0,0.0,0.0,0.0
RSI-2,SCHW,tier3,11,9,81.82,2.199,1.45,1.0,1.2
BB-MR,SCHW,tier3,5,3,60.0,0.684,-0.63,1.0,6.6
IBS,SCHW,tier3,20,12,60.0,1.145,0.52,1.64,2.2
ConnorsRSI,SCHW,tier3,1,0,0.0,0.0,-0.21,0.21,5.0
Williams%R,SCHW,tier3,6,2,33.33,0.637,-0.56,1.02,4.7
Stoch,SCHW,tier3,4,2,50.0,0.705,-0.59,1.99,3.2
MFI,SCHW,tier3,1,0,0.0,0.0,-1.0,1.0,3.0
MACD-Hist,SCHW,tier3,11,5,45.45,0.498,-1.91,2.98,7.1
Donchian-BO,SCHW,tier3,7,3,42.86,0.75,-1.01,2.56,15.3
EMA-10/30,SCHW,tier3,7,2,28.57,0.546,-1.8,2.03,9.1
Keltner,SCHW,tier3,4,3,75.0,1.194,0.19,1.0,5.5
ADX-Pullback,SCHW,tier3,0,0,0.0,0.0,0.0,0.0,0.0
RSI-2,EMR,tier3,14,12,85.71,17.405,3.95,0.13,1.4
BB-MR,EMR,tier3,5,2,40.0,0.413,-1.62,1.76,5.8
IBS,EMR,tier3,29,21,72.41,1.443,2.9,1.99,1.7
ConnorsRSI,EMR,tier3,3,1,33.33,0.219,-1.0,1.0,3.0
Williams%R,EMR,tier3,7,3,42.86,0.854,-0.36,1.53,5.0
Stoch,EMR,tier3,3,1,33.33,0.348,-1.3,1.3,4.3
MFI,EMR,tier3,0,0,0.0,0.0,0.0,0.0,0.0
MACD-Hist,EMR,tier3,10,3,30.0,0.721,-1.16,3.11,6.3
Donchian-BO,EMR,tier3,6,3,50.0,1.093,0.28,1.99,20.3
EMA-10/30,EMR,tier3,3,1,33.33,0.67,-0.46,0.71,15.0
Keltner,EMR,tier3,3,0,0.0,0.0,-2.75,2.75,6.7
ADX-Pullback,EMR,tier3,0,0,0.0,0.0,0.0,0.0,0.0
RSI-2,SMH,tier3,10,9,90.0,40.568,3.77,0.09,1.0
BB-MR,SMH,tier3,3,3,100.0,99.0,1.87,0.0,5.7
IBS,SMH,tier3,18,12,66.67,1.705,2.29,1.45,1.7
ConnorsRSI,SMH,tier3,1,0,0.0,0.0,-0.18,0.18,0.0
Williams%R,SMH,tier3,4,4,100.0,99.0,3.49,0.0,4.5
Stoch,SMH,tier3,1,1,100.0,99.0,1.03,0.0,4.0
MFI,SMH,tier3,0,0,0.0,0.0,0.0,0.0,0.0
MACD-Hist,SMH,tier3,10,5,50.0,3.578,5.18,1.26,6.5
Donchian-BO,SMH,tier3,8,4,50.0,1.526,2.18,2.14,18.1
EMA-10/30,SMH,tier3,1,1,100.0,99.0,0.16,0.0,20.0
Keltner,SMH,tier3,2,2,100.0,99.0,1.74,0.0,1.5
ADX-Pullback,SMH,tier3,0,0,0.0,0.0,0.0,0.0,0.0
RSI-2,NOW,tier3,3,3,100.0,99.0,1.13,0.0,0.3
BB-MR,NOW,tier3,1,1,100.0,99.0,0.45,0.0,7.0
IBS,NOW,tier3,5,3,60.0,2.88,0.52,0.2,2.4
ConnorsRSI,NOW,tier3,0,0,0.0,0.0,0.0,0.0,0.0
Williams%R,NOW,tier3,2,1,50.0,0.827,-0.17,1.0,4.0
Stoch,NOW,tier3,1,0,0.0,0.0,-1.0,1.0,3.0
MFI,NOW,tier3,1,0,0.0,0.0,-1.0,1.0,3.0
MACD-Hist,NOW,tier3,3,0,0.0,0.0,-2.21,2.21,1.7
Donchian-BO,NOW,tier3,4,1,25.0,0.284,-1.46,2.03,19.5
EMA-10/30,NOW,tier3,2,1,50.0,0.876,-0.08,0.66,14.0
Keltner,NOW,tier3,2,0,0.0,0.0,-1.99,1.99,2.5
ADX-Pullback,NOW,tier3,0,0,0.0,0.0,0.0,0.0,0.0
RSI-2,DG,tier3,15,12,80.0,3.001,4.99,1.0,2.2
BB-MR,DG,tier3,5,2,40.0,0.676,-0.67,1.62,6.4
IBS,DG,tier3,24,14,58.33,1.333,1.96,2.37,2.0
ConnorsRSI,DG,tier3,2,1,50.0,1.274,0.21,0.75,3.0
Williams%R,DG,tier3,8,5,62.5,2.421,2.61,1.0,4.1
Stoch,DG,tier3,7,3,42.86,1.17,0.42,1.32,4.1
MFI,DG,tier3,5,2,40.0,0.911,-0.23,2.49,4.0
MACD-Hist,DG,tier3,10,3,30.0,0.577,-1.09,1.3,6.5
Donchian-BO,DG,tier3,6,3,50.0,2.595,4.97,1.99,22.5
EMA-10/30,DG,tier3,3,1,33.33,2.786,2.88,1.61,12.3
Keltner,DG,tier3,7,3,42.86,0.839,-0.6,1.99,5.9
ADX-Pullback,DG,tier3,0,0,0.0,0.0,0.0,0.0,0.0
RSI-2,EA,tier3,13,11,84.62,5.531,6.96,1.0,1.2
BB-MR,EA,tier3,3,2,66.67,5.948,2.36,0.48,6.7
IBS,EA,tier3,27,16,59.26,2.151,4.57,2.56,2.0
ConnorsRSI,EA,tier3,2,1,50.0,1.183,0.12,0.66,0.5
Williams%R,EA,tier3,5,3,60.0,2.401,1.14,0.66,3.4
Stoch,EA,tier3,3,3,100.0,99.0,1.64,0.0,5.0
MFI,EA,tier3,0,0,0.0,0.0,0.0,0.0,0.0
MACD-Hist,EA,tier3,9,3,33.33,2.288,3.66,2.28,6.4
Donchian-BO,EA,tier3,6,3,50.0,2.075,1.32,1.09,27.3
EMA-10/30,EA,tier3,6,4,66.67,1.471,0.94,1.0,17.3
Keltner,EA,tier3,4,3,75.0,9.927,4.55,0.5,3.5
ADX-Pullback,EA,tier3,1,0,0.0,0.0,-0.07,0.07,1.0
RSI-2,KMI,tier3,9,6,66.67,2.069,1.28,1.13,1.6
BB-MR,KMI,tier3,2,1,50.0,17.607,1.3,0.08,10.0
IBS,KMI,tier3,15,8,53.33,0.751,-0.67,1.92,1.9
ConnorsRSI,KMI,tier3,4,3,75.0,3.485,1.38,0.55,3.0
Williams%R,KMI,tier3,4,4,100.0,99.0,3.64,0.0,3.8
Stoch,KMI,tier3,1,1,100.0,99.0,0.4,0.0,5.0
MFI,KMI,tier3,0,0,0.0,0.0,0.0,0.0,0.0
MACD-Hist,KMI,tier3,5,2,40.0,1.406,0.9,1.91,7.0
Donchian-BO,KMI,tier3,5,2,40.0,1.059,0.16,2.52,21.4
EMA-10/30,KMI,tier3,6,2,33.33,0.954,-0.12,2.47,13.7
Keltner,KMI,tier3,2,2,100.0,99.0,2.5,0.0,7.0
ADX-Pullback,KMI,tier3,0,0,0.0,0.0,0.0,0.0,0.0
